{
  "indices" : [
    1,
    5,
    4,

    0,
    3,
    1,

    1,
    3,
    5,

    0,
    2,
    3
  ],
  "vertices" : [
    1.0,
    1.0,
    1.0,

    1.0,
    1.0,
    -1.0,

    1.0,
    -1.0,
    1.0,

    1.0,
    -1.0,
    -1.0,

    -1.0,
    1.0,
    -1.0,

    -1.0,
    -1.0,
    -1.0
  ],
  "normals" : [
    1.0,
    0.0,
    0.0,
    0.7071067690849304,
    0.0,
    -0.7071067690849304,
    1.0,
    0.0,
    0.0,
    0.7071067690849304,
    0.0,
    -0.7071067690849304,
    0.0,
    0.0,
    -1.0,
    0.0,
    0.0,
    -1.0
  ],
  "texCoords" : [
    0.503440260887146,
    0.19880908727645874,

    0.020793844014406204,
    0.7677901387214661,

    0.020793844014406204,
    0.19880908727645874,

    0.986086905002594,
    0.19880908727645874,

    0.503440260887146,
    0.7677901387214661,

    0.503440260887146,
    0.19880908727645874,

    0.503440260887146,
    0.19880908727645874,

    0.503440260887146,
    0.7677901387214661,

    0.020793844014406204,
    0.7677901387214661,

    0.986086905002594,
    0.19880908727645874,

    0.986086905002594,
    0.7677901387214661,

    0.503440260887146,
    0.7677901387214661
  ],
  "texCoordsIndices" : [
  ]
}