{"indices": [0, 1, 2, 3, 4, 5, 6, 7, 8, 9, 10, 11, 12, 13, 14, 15, 16, 17, 18, 19, 20, 21, 22, 23, 24, 25, 26, 27, 28, 29, 30, 31, 32, 33, 34, 35], "vertices": [1.0, 1.0, -0.9999999403953552, -1.0, 1.0, 0.9999999403953552, 0.9999999403953552, 1.0, 1.0, -1.0, 1.0, 0.9999999403953552, -0.9999999403953552, -1.0, -1.0, -1.0, -1.0, 0.9999999403953552, -0.9999999403953552, 1.0, -1.0, 1.0, -1.0, -0.9999999403953552, -0.9999999403953552, -1.0, -1.0, 0.9999999403953552, -1.0, 1.0, -0.9999999403953552, -1.0, -1.0, 1.0, -1.0, -0.9999999403953552, 0.9999999403953552, 1.0, 1.0, -1.0, -1.0, 0.9999999403953552, 0.9999999403953552, -1.0, 1.0, 1.0, 1.0, -0.9999999403953552, 0.9999999403953552, -1.0, 1.0, 1.0, -1.0, -0.9999999403953552, 1.0, 1.0, -0.9999999403953552, -0.9999999403953552, 1.0, -1.0, -1.0, 1.0, 0.9999999403953552, -1.0, 1.0, 0.9999999403953552, -0.9999999403953552, 1.0, -1.0, -0.9999999403953552, -1.0, -1.0, -0.9999999403953552, 1.0, -1.0, 1.0, 1.0, -0.9999999403953552, 1.0, -1.0, -0.9999999403953552, 0.9999999403953552, -1.0, 1.0, -1.0, -1.0, 0.9999999403953552, -0.9999999403953552, -1.0, -1.0, 0.9999999403953552, 1.0, 1.0, -1.0, 1.0, 0.9999999403953552, -1.0, -1.0, 0.9999999403953552, 1.0, 1.0, -0.9999999403953552, 0.9999999403953552, 1.0, 1.0, 0.9999999403953552, -1.0, 1.0], "normals": [0.0, 1.0, -0.0, 0.0, 1.0, -0.0, 0.0, 1.0, -0.0, 0.0, 0.0, 1.0, 0.0, 0.0, 1.0, 0.0, 0.0, 1.0, -1.0, 0.0, -0.0, -1.0, 0.0, -0.0, -1.0, 0.0, -0.0, 0.0, -1.0, -0.0, 0.0, -1.0, -0.0, 0.0, -1.0, -0.0, 1.0, -0.0, -0.0, 1.0, -0.0, -0.0, 1.0, -0.0, -0.0, 0.0, -0.0, -1.0, 0.0, -0.0, -1.0, 0.0, -0.0, -1.0, 0.0, 1.0, 0.0, 0.0, 1.0, 0.0, 0.0, 1.0, 0.0, 0.0, 0.0, 1.0, 0.0, 0.0, 1.0, 0.0, 0.0, 1.0, -1.0, 0.0, -0.0, -1.0, 0.0, -0.0, -1.0, 0.0, -0.0, 0.0, -1.0, -0.0, 0.0, -1.0, -0.0, 0.0, -1.0, -0.0, 1.0, 0.0, -0.0, 1.0, 0.0, -0.0, 1.0, 0.0, -0.0, 0.0, -0.0, -1.0, 0.0, -0.0, -1.0, 0.0, -0.0, -1.0], "texCoords": [0.5, 0.0035096406936645508, 0.25, 0.3345032334327698, 0.5, 0.3345032334327698, 0.25, 0.3345032334327698, 0.0, 0.6654967665672302, 0.25, 0.6654967665672302, 1.0, 0.33450329303741455, 0.75, 0.6654967665672302, 1.0, 0.6654968857765198, 0.5, 0.6654967665672302, 0.2499999850988388, 0.9964903891086578, 0.4999999701976776, 0.9964903891086578, 0.5, 0.3345032334327698, 0.25, 0.6654967665672302, 0.5, 0.6654967665672302, 0.75, 0.3345032334327698, 0.5, 0.6654967665672302, 0.75, 0.6654967665672302, 0.5, 0.0035096406936645508, 0.25, 0.0035096406936645508, 0.25, 0.3345032334327698, 0.25, 0.3345032334327698, 0.0, 0.3345031142234802, 0.0, 0.6654967665672302, 1.0, 0.33450329303741455, 0.75, 0.3345032334327698, 0.75, 0.6654967665672302, 0.5, 0.6654967665672302, 0.25, 0.6654967665672302, 0.2499999850988388, 0.9964903891086578, 0.5, 0.3345032334327698, 0.25, 0.3345032334327698, 0.25, 0.6654967665672302, 0.75, 0.3345032334327698, 0.5, 0.3345032334327698, 0.5, 0.6654967665672302]}