{
	"indices": [
		0,1,2,4,6,3,0,2,7,9,11,8,13,15,12,11,4,8,18,17,6,21,5,4,22,3,17,8,3,23,24,1,0,1,26,2,7,26,27,25,24,28,26,9,29,27,29,30,15,33,31,19,34,35,36,15,31,38,39,40,34,37,35,15,14,32,43,44,41,52,47,48,45,39,38,43,55,44,53,56,57,39,57,58,29,8,23,30,23,22,9,28,10,59,60,36,33,61,31,59,31,61,62,13,12,32,63,45,60,12,36,14,21,63,33,45,38,57,64,58,64,52,40,40,65,42,65,43,42,51,54,65,39,64,40,18,61,34,21,62,5,6,62,60,66,67,68,45,69,46,6,59,18,34,33,38,47,70,71,49,66,50,48,70,49,68,67,72,48,47,71,49,72,67,69,68,72,72,46,69,0,73,74,76,78,75,0,7,73,11,80,79,82,84,81,11,78,16,76,17,85,78,86,20,22,75,87,75,79,87,24,0,74,88,74,73,7,88,73,24,89,28,88,80,89,27,90,88,92,82,91,19,94,85,95,82,81,96,97,98,37,94,35,82,93,83,41,99,100,105,106,103,97,101,98,99,55,108,102,110,103,97,109,102,90,79,80,30,87,90,28,80,10,112,95,113,92,91,114,91,112,114,115,81,84,93,116,83,113,81,115,83,86,84,92,101,93,117,109,111,117,103,110,96,118,103,99,118,100,108,55,51,117,97,96,114,85,94,115,86,77,76,115,77,20,86,120,101,119,116,112,76,85,92,94,98,106,123,107,104,66,121,123,105,104,120,124,121,105,122,106,124,104,121,119,124,120,107,124,119,4,5,6,9,10,11,13,14,15,11,16,4,4,16,20,20,21,4,8,4,3,1,25,26,7,2,26,25,1,24,26,25,9,36,12,15,39,53,57,29,9,8,9,25,28,32,14,63,60,62,12,14,13,21,21,13,62,6,5,62,69,63,68,63,21,68,21,20,68,20,66,68,45,63,69,47,46,70,72,70,46,82,83,84,20,16,78,78,77,86,113,95,81,83,116,86,115,84,86,104,50,66,123,122,105,124,123,104,53,52,56,49,67,66,49,70,72,11,10,80,11,79,78,24,74,89,102,109,110,97,111,109,28,89,80,93,101,116,117,110,109,86,116,120,116,119,120,120,121,66,66,20,120,19,17,18,17,3,6,22,23,3,27,26,29,15,32,33,19,18,34,41,37,40,37,38,40,34,38,37,41,40,42,42,43,41,53,45,47,45,46,47,50,51,52,52,53,47,48,49,52,49,50,52,45,53,39,43,54,55,30,29,23,59,36,31,33,32,45,57,56,64,64,56,52,40,52,65,65,54,43,65,52,51,51,55,54,39,58,64,18,59,61,6,60,59,34,61,33,48,71,70,76,77,78,75,17,76,17,19,85,22,17,75,75,78,79,88,89,74,7,27,88,88,90,80,27,30,90,92,93,82,19,35,94,95,91,82,98,37,96,37,41,96,37,98,94,41,44,99,100,96,41,107,101,106,101,102,106,103,51,50,50,104,103,104,105,103,106,102,103,97,102,101,99,44,55,90,87,79,30,22,87,91,95,112,92,98,101,117,96,103,96,100,118,99,108,118,51,103,118,118,108,51,117,111,97,114,112,85,76,113,115,101,107,119,112,113,76,92,114,94,106,122,123,107,123,124
	],
	"vertices": [
		-0.3357066512107849,-0.01301807165145874,-0.755511462688446,-0.2688816487789154,0.025877952575683594,-0.6677814722061157,-0.2616496682167053,-0.01015007495880127,-0.6886075139045715,0.03346434235572815,-0.027119040489196777,-0.3336254954338074,0.04816433787345886,0.058271944522857666,-0.2789584994316101,0.14267034828662872,0.05451995134353638,-0.2604365050792694,0.11113734543323517,-0.0073340535163879395,-0.2589634954929352,-0.2799086570739746,-0.05434107780456543,-0.6412814855575562,-0.11598165333271027,0.03307497501373291,-0.47270649671554565,-0.17389166355133057,0.03820693492889404,-0.4765375256538391,-0.20540764927864075,0.07881796360015869,-0.4396364986896515,-0.18654966354370117,0.07088696956634521,-0.3994545042514801,0.5188273191452026,0.05674391984939575,-0.2780354917049408,0.29661232233047485,0.04360693693161011,-0.16493350267410278,0.36545735597610474,0.030916929244995117,-0.026304498314857483,0.5750613212585449,0.04927092790603638,-0.14395850896835327,-0.09060065448284149,0.055155932903289795,-0.18859350681304932,-0.0822986587882042,-0.10054606199264526,-0.21060849726200104,0.12552933394908905,-0.02571207284927368,-0.0850905030965805,0.0007283389568328857,-0.10004305839538574,-0.024463504552841187,-0.010515660047531128,0.04097795486450195,-0.012869507074356079,0.18583835661411285,0.043601930141448975,-0.11070950329303741,-0.1773826628923416,-0.08700603246688843,-0.42010051012039185,-0.14042365550994873,-0.049124062061309814,-0.5287305116653442,-0.28715166449546814,0.03884094953536987,-0.6332014799118042,-0.22021564841270447,0.06818795204162598,-0.5487455129623413,-0.1890956610441208,-0.008595049381256104,-0.5549255013465881,-0.2233726680278778,-0.0706210732460022,-0.5188645124435425,-0.24699264764785767,0.08529597520828247,-0.5311124920845032,-0.16344065964221954,-0.023089051246643066,-0.5028954744338989,-0.18496865034103394,-0.07842707633972168,-0.434860497713089,0.5759943127632141,0.04256492853164673,-0.14419850707054138,0.37157535552978516,0.03196394443511963,0.016130492091178894,0.37391334772109985,0.018635928630828857,0.01722349226474762,0.19402335584163666,-0.02874302864074707,0.059748485684394836,0.06818033754825592,-0.10542306303977966,0.12525148689746857,0.5198463201522827,0.04879194498062134,-0.2787874937057495,0.09615734219551086,-0.0911400318145752,0.19165648519992828,0.22669334709644318,-0.000749051570892334,0.13233248889446259,0.38818931579589844,0.004189968109130859,0.15966449677944183,0.1964053362607956,-0.05705904960632324,0.22300250828266144,0.13564534485340118,-0.08583605289459229,0.28150850534439087,0.1880023330450058,-0.05423003435134888,0.2445484846830368,0.20455633103847504,-0.047927021980285645,0.3273494839668274,0.16464532911777496,-0.06533604860305786,0.35182851552963257,0.2594863176345825,0.03469592332839966,0.11867950856685638,0.20529533922672272,0.04339396953582764,0.14214850962162018,0.22307135164737701,0.037248969078063965,0.1949084848165512,0.21652035415172577,0.048513948917388916,0.19647349417209625,0.17397435009479523,0.046740949153900146,0.1521195024251938,0.08659833669662476,0.021041929721832275,0.19950251281261444,0.1282263547182083,0.011497974395751953,0.29027652740478516,0.19832734763622284,0.018465936183929443,0.24725250899791718,0.38808029890060425,0.016161978244781494,0.16205351054668427,0.19953332841396332,-0.012693047523498535,0.3291184902191162,0.15962933003902435,-0.00956803560256958,0.35513752698898315,0.2748173475265503,-0.011714041233062744,0.3406674861907959,0.42090535163879395,0.006266951560974121,0.2221214920282364,0.424690306186676,0.0009979605674743652,0.22135649621486664,0.3003413677215576,0.013335943222045898,-0.1672385036945343,0.2783133387565613,0.03688395023345947,-0.272209495306015,0.3636043071746826,0.006479978561401367,-0.030381500720977783,0.260986328125,0.05064892768859863,-0.2712095081806183,0.24987633526325226,0.03287196159362793,0.037812501192092896,0.275679349899292,-0.024333059787750244,0.33813953399658203,0.18460632860660553,-0.021592020988464355,0.2496904879808426,0.05724133551120758,0.033747971057891846,0.1370454877614975,0.15484635531902313,0.04301196336746216,0.09662850201129913,0.15992434322834015,0.05170392990112305,0.07325850427150726,0.18146733939647675,0.05028492212295532,0.08593250811100006,0.240282341837883,0.1899869441986084,0.18641050159931183,0.26099932193756104,0.18894392251968384,0.2312384992837906,0.21389032900333405,0.1649489402770996,0.13390450179576874,-0.33508163690567017,-0.018699049949645996,-0.655831515789032,-0.32197463512420654,0.019695937633514404,-0.6440834999084473,-0.2620886564254761,-0.06152904033660889,-0.20170550048351288,-0.2613476514816284,-0.05070006847381592,-0.09270450472831726,-0.29477667808532715,0.003589928150177002,-0.06518250703811646,-0.24778665602207184,0.023815929889678955,-0.1468614935874939,-0.27901366353034973,0.014093935489654541,-0.3999375104904175,-0.24523065984249115,0.029900968074798584,-0.44469550251960754,-0.5523196458816528,-0.06796503067016602,0.20007048547267914,-0.4886956810951233,-0.07457804679870605,0.3308495283126831,-0.262515664100647,-0.042195022106170654,0.2539914846420288,-0.32230666279792786,-0.028452038764953613,0.11132051050662994,-0.13917765021324158,-0.05653005838394165,0.03306150436401367,-0.2104896605014801,-0.002541065216064453,0.06619150936603546,-0.2886046767234802,-0.06637603044509888,-0.4625895023345947,-0.28407466411590576,-0.019653022289276123,-0.5125315189361572,-0.27406764030456543,0.06191796064376831,-0.5247085094451904,-0.2596466541290283,-0.03429007530212402,-0.4599534869194031,-0.4881906509399414,-0.08133304119110107,0.33080053329467773,-0.23360666632652283,-0.05209505558013916,